"ST","STATE","ST_ABBR","STCNTY","COUNTY","FIPS","LOCATION","AREA_SQMI","E_TOTPOP","M_TOTPOP","E_HU","M_HU","E_HH","M_HH","E_POV150","M_POV150","E_UNEMP","M_UNEMP","E_HBURD","M_HBURD","E_NOHSDP","M_NOHSDP","E_UNINSUR","M_UNINSUR","E_AGE65","M_AGE65","E_AGE17","M_AGE17","E_DISABL","M_DISABL","E_SNGPNT","M_SNGPNT","E_LIMENG","M_LIMENG","E_MINRTY","M_MINRTY","E_MUNIT","M_MUNIT","E_MOBILE","M_MOBILE","E_CROWD","M_CROWD","E_NOVEH","M_NOVEH","E_GROUPQ","M_GROUPQ","EP_POV150","MP_POV150","EP_UNEMP","MP_UNEMP","EP_HBURD","MP_HBURD","EP_NOHSDP","MP_NOHSDP","EP_UNINSUR","MP_UNINSUR","EP_AGE65","MP_AGE65","EP_AGE17","MP_AGE17","EP_DISABL","MP_DISABL","EP_SNGPNT","MP_SNGPNT","EP_LIMENG","MP_LIMENG","EP_MINRTY","MP_MINRTY","EP_MUNIT","MP_MUNIT","EP_MOBILE","MP_MOBILE","EP_CROWD","MP_CROWD","EP_NOVEH","MP_NOVEH","EP_GROUPQ","MP_GROUPQ","EPL_POV150","EPL_UNEMP","EPL_HBURD","EPL_NOHSDP","EPL_UNINSUR","SPL_THEME1","RPL_THEME1","EPL_AGE65","EPL_AGE17","EPL_DISABL","EPL_SNGPNT","EPL_LIMENG","SPL_THEME2","RPL_THEME2","EPL_MINRTY","SPL_THEME3","RPL_THEME3","EPL_MUNIT","EPL_MOBILE","EPL_CROWD","EPL_NOVEH","EPL_GROUPQ","SPL_THEME4","RPL_THEME4","SPL_THEMES","RPL_THEMES","F_POV150","F_UNEMP","F_HBURD","F_NOHSDP","F_UNINSUR","F_THEME1","F_AGE65","F_AGE17","F_DISABL","F_SNGPNT","F_LIMENG","F_THEME2","F_MINRTY","F_THEME3","F_MUNIT","F_MOBILE","F_CROWD","F_NOVEH","F_GROUPQ","F_THEME4","F_TOTAL","E_DAYPOP","E_NOINT","M_NOINT","E_AFAM","M_AFAM","E_HISP","M_HISP","E_ASIAN","M_ASIAN","E_AIAN","M_AIAN","E_NHPI","M_NHPI","E_TWOMORE","M_TWOMORE","E_OTHERRACE","M_OTHERRACE","EP_NOINT","MP_NOINT","EP_AFAM","MP_AFAM","EP_HISP","MP_HISP","EP_ASIAN","MP_ASIAN","EP_AIAN","MP_AIAN","EP_NHPI","MP_NHPI","EP_TWOMORE","MP_TWOMORE","EP_OTHERRACE","MP_OTHERRACE"
23,"Maine","ME",23005,"Cumberland County",23005000100,"Census Tract 1; Cumberland County; Maine",0.260782171146,2334,389,1439,215,1306,222,289,181,85,92,505,208,35,33,66,50,497,181,91,54,303,115,47,45,13,48,269,530,388,120,9,18,14,25,133,58,0,11,12.4,7.5,5.6,5.7,38.7,14.5,1.8,1.8,2.8,2.1,21.3,6.3,3.9,2.1,13,4.3,3.6,3.4,0.6,2.1,11.5,22.6,27,7.3,0.6,1.2,1.1,1.7,10.2,4.3,0,0.5,0.2657,0.7419,0.9198,0.0852,0.1278,2.1404,0.3659,0.5088,0.01,0.2982,0.4912,0.7644,2.0726,0.3358,0.792,0.792,0.792,0.9649,0.1905,0.5414,0.7769,0,2.4737,0.5514,7.4787,0.4561,0,0,1,0,0,1,0,0,0,0,0,0,0,0,1,0,0,0,0,1,2,1831,50,39,143,97,19,34,78,80,0,11,0,11,29,42,0,11,3.8,2.9,6.1,4.1,0.8,1.4,3.3,3.3,0,1.2,0,1.2,1.2,1.7,0,1.2
23,"Maine","ME",23005,"Cumberland County",23005000200,"Census Tract 2; Cumberland County; Maine",0.17875943447,2555,392,1369,163,1264,151,484,193,9,12,438,116,209,143,152,129,551,177,266,89,426,166,75,41,32,50,294,566,159,68,28,30,0,15,141,85,11,2,18.9,7,0.6,0.8,34.7,8.2,9.7,6.2,5.9,4.5,21.6,6.5,10.4,3,16.7,6.5,5.9,3.2,1.3,2,11.5,22.1,11.6,4.8,2,2.2,0,1.1,11.2,6.2,0.4,0,0.5013,0.0401,0.8571,0.8346,0.386,2.6191,0.5138,0.5288,0.0802,0.5388,0.7519,0.8897,2.7894,0.7193,0.792,0.792,0.792,0.8421,0.2782,0,0.8145,0.3985,2.3333,0.4962,8.5338,0.6491,0,0,0,0,0,0,0,0,0,0,0,0,0,0,0,0,0,0,0,0,0,819,178,78,152,138,57,49,25,29,0,11,0,11,60,52,0,11,14.1,6.2,5.9,5.3,2.2,2,1,1.1,0,1.1,0,1.1,2.3,2.1,0,1.1
23,"Maine","ME",23005,"Cumberland County",23005000300,"Census Tract 3; Cumberland County; Maine",0.649311980522,3096,410,2292,224,2040,258,971,270,65,79,1085,272,118,81,346,168,251,102,174,124,530,190,40,38,26,56,628,554,1685,265,12,19,47,71,699,174,170,7,32.5,7.9,3.1,3.8,53.2,11.5,4.7,3.1,11.2,5.2,8.1,3.3,5.6,3.6,17.1,5.6,2,1.8,0.9,1.9,20.3,17.7,73.5,9.1,0.5,0.8,2.3,3.1,34.3,7.4,5.5,0.8,0.9073,0.411,0.9975,0.381,0.8396,3.5364,0.8496,0.01,0.0175,0.5739,0.2231,0.8371,1.6616,0.1654,0.9449,0.9449,0.9449,1,0.1704,0.7945,0.9825,0.8872,3.8346,0.99,9.9775,0.8747,1,0,1,0,0,2,0,0,0,0,0,0,1,1,1,0,0,1,0,2,5,23690,394,152,230,198,237,122,26,35,0,11,0,11,135,101,0,11,19.3,6.5,7.4,6,7.7,3.6,0.8,1.1,0,0.9,0,0.9,4.4,3.4,0,0.9
23,"Maine","ME",23005,"Cumberland County",23005000500,"Census Tract 5; Cumberland County; Maine",0.324260428762,2160,391,1378,176,1160,219,486,180,11,17,413,183,196,100,237,169,339,106,208,107,301,191,50,60,168,118,647,492,575,172,0,11,82,74,155,80,91,12,22.9,7.4,0.8,1.3,35.6,14.3,10.8,5.5,11.2,7.6,15.7,4.6,9.6,4.3,14.2,7.6,4.3,5.1,8.2,5.6,30,22.1,41.7,11.3,0,2,7,5.3,13.4,7.4,4.2,0.9,0.6541,0.0551,0.8697,0.8872,0.8396,3.3057,0.7845,0.1629,0.0576,0.381,0.5915,0.9975,2.1905,0.4185,0.9799,0.9799,0.9799,0.9875,0,0.985,0.8897,0.8371,3.6993,0.9674,10.1754,0.8997,0,0,0,0,0,0,0,0,0,0,1,1,1,1,1,0,1,0,0,2,4,3381,160,76,430,215,52,47,94,101,0,11,0,11,12,69,59,67,13.8,6.4,19.9,8.4,2.4,2.1,4.4,4.7,0,1.3,0,1.3,0.6,3.2,2.7,3
23,"Maine","ME",23005,"Cumberland County",23005000600,"Census Tract 6; Cumberland County; Maine",0.252522677162,3326,402,1960,290,1867,312,1377,272,64,56,583,133,252,131,284,192,484,192,274,71,1032,234,114,114,231,136,1159,572,903,167,0,11,10,20,646,214,283,25,42.9,6.4,3.4,2.9,31.2,4.9,9.4,4.8,8.6,5.9,14.6,5.1,8.2,2,31.1,6.6,6.1,6,7,4,34.8,16.7,46.1,5.1,0,1.4,0.5,1,34.6,9.9,8.5,1.3,0.9749,0.4762,0.7945,0.817,0.6742,3.7368,0.8997,0.1228,0.0401,0.9774,0.7794,0.9875,2.9072,0.7845,0.9875,0.9875,0.9875,0.9925,0,0.3784,0.985,0.9373,3.2932,0.8647,10.9247,0.9574,1,0,0,0,0,1,0,0,1,0,1,2,1,1,1,0,0,1,1,3,7,5358,315,202,694,265,89,59,100,73,10,19,14,23,252,177,0,11,16.9,9.6,20.9,7.2,2.7,1.8,3,2.1,0.3,0.6,0.4,0.7,7.6,5.4,0,0.8
23,"Maine","ME",23005,"Cumberland County",23005001000,"Census Tract 10; Cumberland County; Maine",0.184949035632,3174,376,1865,152,1829,153,837,271,99,79,632,152,181,130,235,125,137,82,153,114,450,151,0,15,139,92,690,498,782,164,49,61,24,26,398,108,56,11,26.4,8,3.8,3,34.6,7.8,7.2,4.9,7.6,4,4.3,2.6,4.8,3.5,14.5,4.7,0,0.8,4.5,2.9,21.7,15.5,41.9,8.1,2.6,3.3,1.4,1.4,21.8,5.8,1.8,0.3,0.7719,0.5338,0.8496,0.6391,0.584,3.3784,0.8045,0.005,0.0125,0.4135,0,0.9825,1.4135,0.0902,0.9524,0.9524,0.9524,0.99,0.3083,0.619,0.9624,0.6692,3.5489,0.9373,9.2932,0.782,0,0,0,0,0,0,0,0,0,0,1,1,1,1,1,0,0,1,0,2,4,1557,135,62,231,147,249,207,51,54,4,6,0,11,155,96,0,11,7.4,3.4,7.3,4.5,7.8,6.3,1.6,1.7,0.1,0.2,0,0.9,4.9,3,0,0.9
23,"Maine","ME",23005,"Cumberland County",23005001100,"Census Tract 11; Cumberland County; Maine",0.133839941688,2552,347,1844,263,1634,279,748,272,41,38,528,234,34,30,121,78,483,140,149,35,597,247,118,14,94,122,351,469,637,165,0,11,11,21,706,263,39,3,29.3,9.9,2.6,2.3,32.3,13.2,1.6,1.4,4.7,3,18.9,5.1,5.8,1.4,23.4,8.2,7.2,1.5,3.7,4.8,13.8,18.3,34.6,7.5,0,1.5,0.7,1.1,43.2,10,1.5,0.2,0.8521,0.3308,0.8246,0.0752,0.2607,2.3434,0.4286,0.3584,0.0201,0.8722,0.8546,0.9749,3.0802,0.8571,0.8697,0.8697,0.8697,0.9825,0,0.4311,0.995,0.6541,3.0627,0.787,9.356,0.797,0,0,0,0,0,0,0,0,0,0,1,1,0,0,1,0,0,1,0,2,3,2477,244,202,119,82,35,44,112,100,7,12,0,11,78,80,0,11,14.9,11,4.7,3.2,1.4,1.7,4.4,3.7,0.3,0.5,0,1.1,3.1,3.1,0,1.1
23,"Maine","ME",23005,"Cumberland County",23005001200,"Census Tract 12; Cumberland County; Maine",0.065400659474,1481,267,728,62,661,73,327,109,42,38,271,74,37,23,112,47,138,45,299,200,111,66,11,21,29,49,470,303,108,35,0,11,12,17,82,42,9,2,22.1,6.2,4.1,3.7,41,10.2,3.6,2.3,7.6,3,9.3,3.4,20.2,10.6,7.5,4.5,1.7,3.2,2,3.4,31.7,19.6,14.8,4.6,0,3.7,1.8,2.3,12.4,6.1,0.6,0.1,0.6165,0.5689,0.9499,0.2682,0.584,2.9875,0.6692,0.015,0.6792,0.0451,0.1855,0.9323,1.8571,0.2431,0.9825,0.9825,0.9825,0.8972,0,0.7043,0.8596,0.4987,2.9598,0.7619,8.7869,0.7018,0,0,1,0,0,1,0,0,0,0,1,1,1,1,0,0,0,0,0,0,3,1063,48,25,319,264,0,11,83,93,0,11,7,12,61,49,0,11,7.3,3.8,21.5,14.7,0,1.8,5.6,6.2,0,1.8,0.5,0.8,4.1,3.3,0,1.8
23,"Maine","ME",23005,"Cumberland County",23005001300,"Census Tract 13; Cumberland County; Maine",0.491151859956,3616,467,1915,141,1769,126,569,148,92,56,539,143,99,52,267,117,471,137,597,317,452,147,20,25,94,90,664,640,651,148,9,13,10,21,390,104,140,20,16.1,3.6,4.3,2.6,30.5,7.8,3.7,1.9,7.5,3.5,13,4.1,16.5,7.1,12.6,4.3,1.1,1.4,2.8,2.7,18.4,17.5,34,7.3,0.5,0.7,0.6,1.1,22,5.5,3.9,0.2,0.391,0.599,0.7794,0.2832,0.5689,2.6215,0.5188,0.0652,0.381,0.2707,0.1203,0.9624,1.7996,0.2206,0.9248,0.9248,0.9248,0.9799,0.1704,0.4035,0.9649,0.817,3.3357,0.8797,8.6816,0.6817,0,0,0,0,0,0,0,0,0,0,1,1,1,1,1,0,0,1,0,2,4,12018,100,72,195,131,129,96,56,51,4,7,0,11,280,140,0,11,5.7,4,5.4,3.6,3.6,2.5,1.5,1.4,0.1,0.2,0,0.8,7.7,3.9,0,0.8
23,"Maine","ME",23005,"Cumberland County",23005001500,"Census Tract 15; Cumberland County; Maine",0.537991437984,3625,498,1857,237,1755,247,671,211,116,69,744,198,70,33,172,106,367,99,560,267,377,127,55,46,23,52,386,709,235,90,0,11,20,24,128,58,30,7,18.5,5.2,4.7,2.8,42.4,9.6,2.8,1.3,4.7,2.9,10.1,3,15.4,5.9,10.4,2.8,3.1,2.6,0.6,1.5,10.6,19.5,12.6,4.6,0,1.5,1.1,1.3,7.3,3.5,0.8,0.2,0.4912,0.6516,0.9699,0.1779,0.2607,2.5513,0.4962,0.0301,0.2932,0.1353,0.3985,0.7644,1.6215,0.1554,0.7669,0.7669,0.7669,0.8571,0,0.5414,0.6491,0.5388,2.5864,0.604,7.5261,0.4687,0,0,1,0,0,1,0,0,0,0,0,0,0,0,0,0,0,0,0,0,1,7380,107,82,87,64,137,79,106,80,0,11,0,11,56,58,0,11,6.1,4.6,2.4,1.8,3.8,2.3,2.9,2.2,0,0.8,0,0.8,1.5,1.6,0,0.8
23,"Maine","ME",23005,"Cumberland County",23005001700,"Census Tract 17; Cumberland County; Maine",0.75103788836,4923,976,1873,185,1812,190,1196,952,363,275,457,204,97,62,424,306,586,81,1123,531,269,95,212,180,55,98,428,1371,27,25,0,11,10,20,60,57,41,4,24.3,18.7,12,7.7,25.2,10.9,3.1,2,8.6,5,11.9,2.9,22.8,6.9,5.5,2.2,11.7,9.9,1.2,2,8.7,27.8,1.4,1.3,0,1.5,0.6,1.1,3.3,3.2,0.8,0.2,0.6967,0.9699,0.594,0.213,0.6742,3.1478,0.7243,0.0426,0.8521,0.01,0.9674,0.8847,2.7568,0.6992,0.6441,0.6441,0.6441,0.4561,0,0.4035,0.3434,0.5388,1.7418,0.2256,8.2905,0.5865,0,1,0,0,0,1,0,0,0,1,0,1,0,0,0,0,0,0,0,0,2,2302,79,57,103,149,0,11,233,157,0,11,0,11,92,54,0,11,4.4,3.2,2.1,3.1,0,0.6,4.7,3.3,0,0.6,0,0.6,1.9,1.1,0,0.6
23,"Maine","ME",23005,"Cumberland County",23005001800,"Census Tract 18; Cumberland County; Maine",0.84392630752,3743,479,2028,205,1730,160,240,111,34,36,451,128,72,40,127,59,1004,184,598,132,391,111,57,47,0,44,435,666,327,120,3,6,0,15,195,71,36,6,6.5,2.9,1.6,1.7,26.1,7,2.5,1.5,3.4,1.6,26.8,3.5,16,3.2,10.5,3.4,3.3,2.7,0,1.2,11.6,17.7,16.1,5.7,0.1,0.3,0,0.7,11.3,4,1,0.1,0.0752,0.1579,0.6291,0.1404,0.1579,1.1605,0.1053,0.7644,0.3434,0.1378,0.4311,0,1.6767,0.1704,0.7995,0.7995,0.7995,0.9098,0.1479,0,0.8221,0.5815,2.4613,0.5414,6.098,0.2206,0,0,0,0,0,0,0,0,0,0,0,0,0,0,1,0,0,0,0,1,1,2888,204,82,68,58,108,91,86,70,0,11,0,11,17,33,156,197,11.8,4.8,1.8,1.6,2.9,2.4,2.3,1.8,0,0.7,0,0.7,0.5,0.9,4.2,5.1
23,"Maine","ME",23005,"Cumberland County",23005001900,"Census Tract 19; Cumberland County; Maine",0.654730922092,4000,679,2186,248,1978,289,495,229,33,51,584,227,78,52,480,265,816,170,564,169,210,93,43,41,38,68,471,933,389,144,0,11,7,19,285,185,17,1,12.4,5.3,1.3,2.1,29.5,10.6,2.4,1.6,12,5.6,20.4,5.7,14.1,3.1,5.3,2.5,2.2,2,1,1.7,11.8,23.2,17.8,6.3,0,1.2,0.4,0.9,14.4,8.7,0.4,0.1,0.2657,0.1128,0.7444,0.1303,0.8622,2.1154,0.3484,0.4536,0.2206,0.005,0.2632,0.8546,1.797,0.218,0.8145,0.8145,0.8145,0.9273,0,0.3584,0.9098,0.3985,2.594,0.6115,7.3209,0.4211,0,0,0,0,0,0,0,0,0,0,0,0,0,0,1,0,0,1,0,2,2,4021,151,75,57,61,58,41,269,183,11,19,0,11,76,79,0,11,7.6,4.1,1.4,1.5,1.5,1,6.7,4.5,0.3,0.5,0,0.7,1.9,2,0,0.7
23,"Maine","ME",23005,"Cumberland County",23005002001,"Census Tract 20.01; Cumberland County; Maine",1.326789715842,3417,425,1480,189,1454,196,552,152,146,162,348,113,219,127,69,46,659,75,714,137,428,105,31,35,155,106,576,587,171,110,0,11,0,15,179,83,142,16,16.8,4.1,8.4,7.7,23.9,7.1,8.6,4.7,2.1,1.4,19.3,3.3,20.9,3.7,13,3.6,2.1,2.4,4.9,3.3,16.9,17,11.6,7.3,0,1.8,0,1,12.3,5.7,4.2,0.7,0.4185,0.9273,0.5539,0.7544,0.0777,2.7318,0.5714,0.3885,0.7218,0.2982,0.2406,0.985,2.6341,0.6391,0.9123,0.9123,0.9123,0.8421,0,0,0.8521,0.8371,2.5313,0.5764,8.8095,0.7093,0,1,0,0,0,1,0,0,0,0,1,1,1,1,0,0,0,0,0,0,3,3795,187,77,69,51,130,73,189,135,1,3,0,11,161,118,26,42,12.9,5.4,2,1.6,3.8,2.1,5.5,3.8,0,0.1,0,0.8,4.7,3.4,0.8,1.3
23,"Maine","ME",23005,"Cumberland County",23005002002,"Census Tract 20.02; Cumberland County; Maine",3.214693746244,2598,442,1116,143,976,162,504,261,35,36,289,114,75,32,45,44,332,75,390,98,301,135,32,30,18,50,262,620,150,100,0,11,38,59,120,81,366,28,22.5,10.8,2.6,2.6,29.6,10.6,3.9,1.8,2,2,12.8,3.4,15,3.7,13.4,5,3.3,3,0.7,2,10.1,23.8,13.4,8.8,0,2.4,3.9,5.3,12.3,7.7,14.1,2.6,0.6366,0.3308,0.7494,0.3133,0.0702,2.1003,0.3434,0.0602,0.2707,0.3233,0.4311,0.7995,1.8848,0.2607,0.7469,0.7469,0.7469,0.8772,0,0.9198,0.8521,0.9724,3.6215,0.9524,8.3535,0.599,0,0,0,0,0,0,0,0,0,0,0,0,0,0,0,0,1,0,1,2,2,12703,131,83,106,102,28,64,0,11,17,20,0,11,103,73,8,14,13.4,7.7,4.1,3.8,1.1,2.5,0,1.1,0.7,0.8,0,1.1,4,2.8,0.3,0.5
23,"Maine","ME",23005,"Cumberland County",23005002101,"Census Tract 21.01; Cumberland County; Maine",1.964434080026,6217,624,2544,223,2481,245,527,347,115,88,541,224,80,63,262,193,1097,214,1245,272,501,195,111,85,162,142,1227,914,182,107,0,15,15,30,210,152,20,3,8.5,5.5,3.2,2.5,21.8,8.8,1.8,1.4,4.2,3.1,17.6,3.7,20,3.9,8.1,3.2,4.5,3.4,2.8,2.5,19.7,14.6,7.1,4.2,0,1.1,0.6,1.2,8.5,6,0.3,0,0.1278,0.4311,0.4336,0.0852,0.2231,1.3008,0.1303,0.2707,0.6617,0.0602,0.619,0.9624,2.574,0.614,0.9298,0.9298,0.9298,0.7519,0,0.4035,0.7018,0.3409,2.1981,0.4035,7.0027,0.3484,0,0,0,0,0,0,0,0,0,0,1,1,1,1,0,0,0,0,0,0,2,4400,241,198,665,336,38,61,129,178,0,15,18,30,377,190,0,15,9.7,7.5,10.7,5.5,0.6,1,2.1,2.8,0,0.4,0.3,0.5,6.1,3.1,0,0.4
23,"Maine","ME",23005,"Cumberland County",23005002102,"Census Tract 21.02; Cumberland County; Maine",3.689847083728,5863,705,2385,333,2256,352,1051,611,176,143,462,177,279,182,223,179,993,380,1320,289,913,318,277,146,226,126,1609,990,295,177,0,15,80,55,66,49,40,21,18,10.2,5.3,4.1,20.5,7.2,6.7,4.3,3.8,3.1,16.9,5.6,22.5,4.3,15.6,5.1,12.3,6.2,4.1,2.2,27.4,16.6,12.3,7.2,0,1.1,3.5,2.3,2.9,2.1,0.7,0.3,0.4787,0.7193,0.3684,0.5789,0.1805,2.3258,0.4211,0.2281,0.8346,0.4712,0.9724,0.9774,3.4837,0.9499,0.9749,0.9749,0.9749,0.8546,0,0.9073,0.2932,0.5163,2.5714,0.5915,9.3558,0.792,0,0,0,0,0,0,0,0,0,1,1,2,1,1,0,0,1,0,0,1,4,10573,231,251,951,258,69,93,350,171,0,15,0,15,239,133,0,15,10.2,10,16.2,4.7,1.2,1.6,6,2.9,0,0.5,0,0.5,4.1,2.2,0,0.5
23,"Maine","ME",23005,"Cumberland County",23005002200,"Census Tract 22; Cumberland County; Maine",1.790496287332,4828,482,2141,121,2081,135,772,367,57,65,750,226,100,75,166,112,1372,178,822,177,767,237,88,84,17,45,1069,681,389,119,3,9,45,47,342,126,337,19,17.2,8,2.5,2.9,36,10.6,2.7,2.1,3.7,2.4,28.4,4.8,17,2.7,17,5.9,4.2,4,0.4,1,22.1,13.9,18.2,5.5,0.1,0.4,2.2,2.2,16.4,6,7,0.8,0.4361,0.3008,0.8772,0.1629,0.1679,1.9449,0.2857,0.812,0.4135,0.5664,0.584,0.6717,3.0476,0.8496,0.9574,0.9574,0.9574,0.9298,0.1479,0.7769,0.9398,0.9198,3.7142,0.9749,9.6641,0.8371,0,0,0,0,0,0,0,0,0,0,0,0,1,1,1,0,0,1,1,3,4,6820,306,126,760,414,59,67,105,114,0,11,0,11,145,123,0,11,14.7,5.8,15.7,8.2,1.2,1.4,2.2,2.3,0,0.6,0,0.6,3,2.5,0,0.6
23,"Maine","ME",23005,"Cumberland County",23005002300,"Census Tract 23; Cumberland County; Maine",0.935522057184,3717,474,1692,183,1608,182,609,228,61,49,493,156,242,171,214,99,499,91,557,119,376,116,16,26,114,87,752,647,32,35,0,11,21,22,199,114,185,14,17.2,6,2.6,2,30.7,9.1,8.5,5.8,6,2.6,13.4,2.6,15,2.9,10.6,3.6,1,1.6,3.2,2.4,20.2,17.2,1.9,2.1,0,1.6,1.3,1.3,12.4,7,5,0.7,0.4361,0.3308,0.787,0.7519,0.3885,2.6943,0.5539,0.0877,0.2707,0.1404,0.1078,0.9724,1.579,0.1378,0.9398,0.9398,0.9398,0.5138,0,0.5915,0.8596,0.8747,2.8396,0.7168,8.0527,0.5539,0,0,0,0,0,0,0,0,0,0,1,1,1,1,0,0,0,0,0,0,2,4984,110,92,465,142,53,43,208,213,0,11,0,11,26,32,0,11,6.8,5.7,12.5,3.6,1.4,1.2,5.6,5.5,0,0.7,0,0.7,0.7,0.9,0,0.7
23,"Maine","ME",23005,"Cumberland County",23005002400,"Census Tract 24; Cumberland County; Maine",4.723791173936,1337,219,1910,125,718,99,254,100,12,13,190,56,49,32,121,57,499,100,124,81,213,66,14,18,0,44,110,298,7,14,0,11,5,5,144,48,9,2,19,6.8,1.7,1.8,26.5,6.9,4.1,2.7,9.1,4.1,37.3,5.9,9.3,5,15.9,5.1,1.9,2.5,0,3.3,8.2,22.2,0.4,0.7,0,1.4,0.7,0.3,20.1,5.4,0.7,0.1,0.5063,0.1754,0.6491,0.3333,0.7218,2.3859,0.4486,0.9549,0.0551,0.4862,0.2155,0,1.7117,0.193,0.6115,0.6115,0.6115,0.3008,0,0.4311,0.9549,0.5163,2.2031,0.4085,6.9122,0.3283,0,0,0,0,0,0,1,0,0,0,0,1,0,0,0,0,0,1,0,1,2,611,68,33,0,11,34,21,11,18,0,11,0,11,65,59,0,11,9.5,4.4,0,2,2.5,1.5,0.8,1.3,0,2,0,2,4.9,4.2,0,2
23,"Maine","ME",23005,"Cumberland County",23005002501,"Census Tract 25.01; Cumberland County; Maine",4.117723003516,3642,405,1681,186,1549,198,121,62,53,51,229,92,41,44,8,13,1083,195,791,159,219,70,33,57,0,44,301,536,69,48,17,23,0,15,92,130,143,30,3.5,1.7,3.2,3,14.8,5.6,1.5,1.5,0.2,0.4,29.7,5.1,21.7,3,6.3,1.9,2.1,3.7,0,1.3,8.3,14.7,4.1,2.8,1,1.4,0,0.9,5.9,8,3.9,0.7,0.015,0.4311,0.1028,0.0677,0.005,0.6216,0.0351,0.8521,0.782,0.0175,0.2406,0,1.8922,0.2682,0.6165,0.6165,0.6165,0.6566,0.2231,0,0.5865,0.817,2.2832,0.4586,5.4135,0.1479,0,0,0,0,0,0,0,0,0,0,0,0,0,0,0,0,0,0,0,0,0,5373,124,76,7,12,16,23,61,69,0,11,0,11,193,215,24,36,8,5,0.2,0.3,0.4,0.6,1.7,1.9,0,0.8,0,0.8,5.3,5.7,0.7,1
23,"Maine","ME",23005,"Cumberland County",23005002503,"Census Tract 25.03; Cumberland County; Maine",14.78129344578,4138,421,1546,196,1432,189,63,53,91,75,146,85,58,69,0,11,649,208,1067,177,344,178,39,47,35,71,382,608,12,22,40,54,0,15,39,57,5,10,1.5,1.3,4,3.3,10.2,5.8,2.2,2.6,0,0.7,15.7,4.5,25.8,3.9,8.3,4.3,2.7,3.3,0.9,1.8,9.2,14.7,0.8,1.4,2.6,3.6,0,1,2.7,4,0.1,0.2,0.0025,0.5514,0.0226,0.1178,0,0.6943,0.0426,0.1629,0.9398,0.0652,0.3308,0.8371,2.3358,0.4737,0.6867,0.6867,0.6867,0.381,0.3083,0,0.2732,0.188,1.1505,0.0702,4.8673,0.0827,0,0,0,0,0,0,0,1,0,0,0,1,0,0,0,0,0,0,0,0,1,3615,98,91,0,11,161,139,35,44,0,11,0,11,186,216,0,11,6.8,6.3,0,0.7,3.9,3.2,0.8,1,0,0.7,0,0.7,4.5,5.3,0,0.7
23,"Maine","ME",23005,"Cumberland County",23005002504,"Census Tract 25.04; Cumberland County; Maine",10.501258952994,4724,404,2013,197,1949,197,156,100,0,11,353,156,0,11,97,69,1076,402,1280,235,335,127,159,124,12,46,459,582,136,78,0,11,70,110,55,48,5,3,3.3,2.1,0,1.2,18.1,7.8,0,0.8,2.1,1.5,22.8,7.8,27.1,4.4,7.1,2.8,8.2,6.3,0.3,1,9.7,12.3,6.7,3.8,0,1.4,3.6,5.5,2.8,2.4,0.1,0.1,0.01,0,0.2381,0,0.0777,0.3258,0.0125,0.5789,0.9674,0.0326,0.8997,0.6065,3.0851,0.8622,0.7318,0.7318,0.7318,0.7343,0,0.9148,0.2882,0.188,2.1253,0.3835,6.268,0.2481,0,0,0,0,0,0,0,1,0,0,0,1,0,0,0,0,1,0,0,1,2,5042,116,76,0,11,237,166,64,47,0,11,0,11,158,117,0,11,6,3.7,0,0.6,5,3.5,1.4,1,0,0.6,0,0.6,3.3,2.4,0,0.6
23,"Maine","ME",23005,"Cumberland County",23005002600,"Census Tract 26; Cumberland County; Maine",5.538261759876,4229,389,1823,158,1747,151,376,147,99,88,348,106,96,70,21,31,811,126,627,132,456,106,78,60,9,44,386,549,11,21,0,11,6,14,22,22,15,8,8.9,3.4,3.5,3,19.9,5.8,2.9,2.1,0.5,0.7,19.2,2.9,14.8,2.5,10.8,2.4,4.5,3.4,0.2,1.1,9.1,13,0.6,1.2,0,1.5,0.3,0.8,1.3,1.3,0.4,0.2,0.1454,0.4812,0.3283,0.1955,0.0075,1.1579,0.1003,0.381,0.2556,0.1554,0.619,0.5388,1.9498,0.2907,0.6767,0.6767,0.6767,0.3434,0,0.3409,0.1078,0.3985,1.1906,0.0802,4.975,0.0952,0,0,0,0,0,0,0,0,0,0,0,0,0,0,0,0,0,0,0,0,0,2085,23,22,61,75,157,135,46,55,0,11,0,11,82,84,40,53,1.3,1.3,1.4,1.7,3.7,3.1,1.1,1.3,0,0.6,0,0.6,1.9,2,0.9,1.3
23,"Maine","ME",23005,"Cumberland County",23005002700,"Census Tract 27; Cumberland County; Maine",4.910970720822,5370,758,2171,216,1982,225,834,344,80,90,425,171,118,76,145,111,723,155,1306,313,552,211,20,42,104,104,1240,1086,339,123,0,15,19,39,132,105,6,5,15.8,6.1,2.5,2.8,21.4,8.3,3.2,2.1,2.7,2.2,13.5,3.1,24.3,4.5,10.3,4,1,2.1,2.1,2.1,23.1,20,15.6,5.4,0,1.3,1,1.8,6.7,5.2,0.1,0.1,0.3784,0.3008,0.4185,0.2331,0.1178,1.4486,0.1604,0.0902,0.9198,0.1278,0.1078,0.9348,2.1804,0.4135,0.9649,0.9649,0.9649,0.9048,0,0.5213,0.619,0.188,2.2331,0.4386,6.827,0.3258,0,0,0,0,0,0,0,1,0,0,1,2,1,1,1,0,0,0,0,1,4,3205,155,82,653,372,0,15,139,192,0,15,0,15,200,196,248,382,7.8,4,12.2,6.8,0,0.5,2.6,3.6,0,0.5,0,0.5,3.7,3.7,4.6,7
23,"Maine","ME",23005,"Cumberland County",23005002800,"Census Tract 28; Cumberland County; Maine",1.6939453046,3295,542,1665,195,1604,203,1107,381,31,39,832,220,125,68,51,43,474,93,604,259,490,185,157,109,7,45,523,728,203,70,6,11,24,38,141,77,7,6,33.6,10.2,1.5,1.9,51.9,12,5.8,3.2,1.5,1.3,14.4,3.6,18.3,6.3,14.9,4.8,9.8,6.7,0.2,1.5,15.9,21.9,12.2,4,0.4,0.6,1.5,2.3,8.8,4.7,0.2,0.2,0.9223,0.1454,0.9925,0.4987,0.0426,2.6015,0.5113,0.1153,0.5414,0.4311,0.9449,0.5388,2.5715,0.609,0.9073,0.9073,0.9073,0.8521,0.1529,0.6416,0.7343,0.2807,2.6616,0.6441,8.7419,0.6942,1,0,1,0,0,2,0,0,0,1,0,1,1,1,0,0,0,0,0,0,4,5911,337,83,42,51,42,58,194,121,0,11,0,11,245,170,0,11,21,5.5,1.3,1.5,1.3,1.7,5.9,3.7,0,0.8,0,0.8,7.4,4.8,0,0.8
23,"Maine","ME",23005,"Cumberland County",23005002901,"Census Tract 29.01; Cumberland County; Maine",4.040528086248,4091,578,2243,332,2047,345,242,200,63,58,578,216,207,184,48,71,1020,295,424,183,548,200,30,42,21,56,632,836,440,266,488,259,0,15,46,45,138,10,6.1,5,2.6,2.4,28.2,9.4,6.1,5.4,1.2,1.8,24.9,7,10.4,4.1,13.8,5,1.5,2,0.5,1.4,15.4,20.3,19.6,11.5,21.8,10.6,0,0.7,2.2,2.3,3.4,0.5,0.0702,0.3308,0.7018,0.5238,0.0226,1.6492,0.208,0.6817,0.0802,0.3634,0.1654,0.7318,2.0225,0.3133,0.8997,0.8997,0.8997,0.9348,0.9323,0,0.2155,0.7945,2.8771,0.7343,7.4485,0.4511,0,0,0,0,0,0,0,0,0,0,0,0,0,0,1,1,0,0,0,2,2,11546,165,115,111,112,20,34,260,237,22,35,0,11,219,239,0,11,8.1,5.9,2.7,2.7,0.5,0.8,6.4,5.7,0.5,0.9,0,0.7,5.4,5.7,0,0.7
23,"Maine","ME",23005,"Cumberland County",23005002902,"Census Tract 29.02; Cumberland County; Maine",1.005337020824,3354,578,1589,222,1530,233,276,192,91,117,215,90,54,56,264,170,589,173,395,186,493,317,43,50,0,44,409,879,226,137,0,11,14,23,165,119,0,11,8.2,5.5,4,4.9,14.1,5.5,1.9,2.1,7.9,5,17.6,5.9,11.8,5.6,14.7,9.1,2.8,3.2,0,1.3,12.2,26.1,14.2,8.4,0,1.7,0.9,1.4,10.8,7.9,0,0.3,0.1203,0.5514,0.0827,0.1003,0.6065,1.4612,0.1629,0.2707,0.0977,0.4236,0.3459,0,1.1379,0.0175,0.8296,0.8296,0.8296,0.8872,0,0.4912,0.7945,0,2.1729,0.3935,5.6016,0.1654,0,0,0,0,0,0,0,0,0,0,0,0,0,0,0,0,0,0,0,0,0,2776,263,246,0,11,166,164,14,23,0,11,0,11,229,258,0,11,17.2,14.5,0,0.8,4.9,5,0.4,0.7,0,0.8,0,0.8,6.8,8.1,0,0.8
23,"Maine","ME",23005,"Cumberland County",23005003001,"Census Tract 30.01; Cumberland County; Maine",1.775507807692,3744,510,1781,281,1731,268,214,149,29,33,290,136,103,70,117,97,977,324,583,187,422,177,107,92,46,66,386,736,228,175,0,11,0,15,38,36,16,3,5.9,4,1.2,1.4,16.8,7.4,3.4,2.3,3.2,2.6,26.1,7.6,15.6,4.1,11.5,4.4,6.2,5.2,1.3,1.8,10.3,19.6,12.8,9.6,0,1.5,0,0.8,2.2,2,0.4,0.1,0.0627,0.0977,0.1805,0.2481,0.1429,0.7319,0.0451,0.7393,0.3158,0.198,0.782,0.8897,2.9248,0.7945,0.7619,0.7619,0.7619,0.8596,0,0,0.2155,0.3985,1.4736,0.1378,5.8922,0.1905,0,0,0,0,0,0,0,0,0,0,0,0,0,0,0,0,0,0,0,0,0,4848,164,95,52,43,57,49,163,165,0,11,0,11,114,124,0,11,9.5,5.4,1.4,1.2,1.5,1.3,4.4,4.4,0,0.7,0,0.7,3,3.3,0,0.7
23,"Maine","ME",23005,"Cumberland County",23005003002,"Census Tract 30.02; Cumberland County; Maine",3.6165209085,3371,539,1459,183,1332,159,355,237,69,82,529,195,223,124,638,355,170,122,716,295,305,123,89,92,227,132,2212,625,704,211,29,51,107,76,120,94,47,34,10.6,6.9,2.8,3.6,39.7,13.9,10.4,5.8,19.6,9.6,5,4.1,21.2,7.1,9.4,4.3,6.7,6.9,7.3,4.1,65.6,15.3,48.3,13.1,2,3.5,8,5.1,9,7,1.4,1,0.2055,0.3584,0.9348,0.8672,0.9825,3.3484,0.802,0.0075,0.7419,0.1028,0.8346,0.99,2.6768,0.6667,0.995,0.995,0.995,0.995,0.2782,0.995,0.7419,0.6441,3.6542,0.9599,10.6744,0.9348,0,0,1,0,1,2,0,0,0,0,1,1,1,1,1,0,1,0,0,2,6,20656,138,109,1614,729,178,164,192,206,26,35,0,11,135,67,67,98,10.4,7.8,47.9,15.9,5.3,5.1,5.7,6.6,0.8,1.1,0,0.8,4,1.9,2,2.9
23,"Maine","ME",23005,"Cumberland County",23005003100,"Census Tract 31; Cumberland County; Maine",1.098113470404,4123,452,1819,148,1735,163,550,183,92,67,513,163,97,70,408,197,601,94,528,135,486,116,42,37,25,50,454,617,212,100,0,11,0,15,42,36,128,9,13.7,4.3,3.2,2.4,29.6,9,3.3,2.3,10.3,4.9,14.6,2.6,12.8,3.3,12.2,2.9,2.5,2.1,0.6,1.3,11,14.9,11.7,5.4,0,1.5,0,0.8,2.4,2.1,3.1,0.4,0.3183,0.4311,0.7494,0.2406,0.7995,2.5389,0.4887,0.1228,0.1529,0.2356,0.3008,0.7644,1.5765,0.1353,0.7769,0.7769,0.7769,0.8471,0,0,0.2406,0.7769,1.8646,0.2707,6.7569,0.3133,0,0,0,0,0,0,0,0,0,0,0,0,0,0,0,0,0,0,0,0,0,2529,159,95,25,33,214,138,107,76,0,11,0,11,108,87,0,11,9.2,5.5,0.6,0.8,5.2,3.2,2.6,1.9,0,0.7,0,0.7,2.6,2.1,0,0.7
23,"Maine","ME",23005,"Cumberland County",23005003200,"Census Tract 32; Cumberland County; Maine",0.614009902458,3074,532,1757,209,1590,226,383,120,47,48,449,145,58,39,84,48,940,381,425,157,576,214,32,33,12,47,283,749,469,138,0,11,0,15,175,113,8,16,12.8,3.3,3.2,3.1,28.2,8.2,2.3,1.5,2.7,1.6,30.6,9.2,13.8,4.1,18.7,5.5,2,2.1,0.4,1.6,9.2,24.3,26.7,7.2,0,1.6,0,0.9,11,6.7,0.3,0.5,0.2882,0.4311,0.7018,0.1228,0.1178,1.6617,0.2155,0.8797,0.2055,0.6642,0.2231,0.6717,2.6442,0.6466,0.6867,0.6867,0.6867,0.9624,0,0,0.802,0.3409,2.1053,0.3759,7.0979,0.3684,0,0,0,0,0,0,0,0,0,0,0,0,0,0,1,0,0,0,0,1,1,3105,194,78,10,15,124,73,37,35,0,11,0,11,112,83,0,11,12.2,5.1,0.3,0.5,4,2.3,1.2,1.1,0,0.9,0,0.9,3.6,2.7,0,0.9
23,"Maine","ME",23005,"Cumberland County",23005003300,"Census Tract 33; Cumberland County; Maine",2.418536364266,3462,408,1414,153,1369,158,259,144,112,67,257,116,106,106,99,60,538,137,619,117,282,127,55,41,0,44,446,573,28,23,0,11,23,39,64,58,10,2,7.5,4.1,5.1,3.1,18.8,8.2,4.2,4,2.9,1.8,15.5,3.8,17.9,2.8,8.1,3.5,4.1,3,0,1.3,12.9,16.5,2,1.6,0,1.9,1.7,2.8,4.7,4.1,0.3,0,0.1003,0.6992,0.2832,0.3459,0.1353,1.5639,0.1805,0.1579,0.5088,0.0602,0.5689,0,1.2958,0.0451,0.8596,0.8596,0.8596,0.5439,0,0.6842,0.4987,0.3409,2.0677,0.3358,5.787,0.1805,0,0,0,0,0,0,0,0,0,0,0,0,0,0,0,0,0,0,0,0,0,5324,149,78,36,40,31,37,93,80,0,11,0,11,286,163,0,11,10.9,5.6,1,1.2,0.9,1.1,2.7,2.2,0,0.8,0,0.8,8.3,4.6,0,0.8
23,"Maine","ME",23005,"Cumberland County",23005003400,"Census Tract 34; Cumberland County; Maine",1.648836235736,4804,511,1978,158,1968,157,374,193,63,53,347,124,96,55,119,88,936,135,820,131,421,130,129,82,27,50,132,726,0,15,21,25,0,15,19,22,5,2,7.8,3.9,2.1,1.8,17.6,6.1,2.7,1.5,2.5,1.8,19.5,3.1,17.1,2.7,8.8,2.9,6.6,4.1,0.6,1.1,2.7,15.1,0,0.8,1.1,1.2,0,0.8,1,1.1,0.1,0,0.1128,0.2381,0.2306,0.1629,0.1003,0.8447,0.0551,0.4035,0.4286,0.0852,0.8321,0.7644,2.5138,0.5789,0.0852,0.0852,0.0852,0,0.2306,0,0.0852,0.188,0.5038,0.0025,3.9475,0.0251,0,0,0,0,0,0,0,0,0,0,0,0,0,0,0,0,0,0,0,0,0,2225,40,34,41,41,37,39,0,11,0,11,0,11,54,53,0,11,2,1.7,0.9,0.9,0.8,0.8,0,0.6,0,0.6,0,0.6,1.1,1.1,0,0.6
23,"Maine","ME",23005,"Cumberland County",23005003500,"Census Tract 35; Cumberland County; Maine",0.872493222296,4078,516,2199,381,2044,406,587,365,68,55,728,300,66,53,130,85,1138,306,536,103,785,339,80,73,0,44,474,754,624,267,10,15,26,40,276,182,398,20,16,9.7,3,2.2,35.6,12.9,2.3,1.9,3.2,2.1,27.9,5.8,13.1,2.3,19.3,6.9,3.9,3.5,0,1.1,11.6,18.4,28.3,11.1,0.5,0.7,1.3,1.8,13.5,8.1,9.8,1.3,0.3835,0.3935,0.8697,0.1228,0.1429,1.9124,0.2732,0.802,0.1604,0.6867,0.5363,0,2.1854,0.416,0.7995,0.7995,0.7995,0.9699,0.1704,0.5915,0.8922,0.9499,3.5739,0.9398,8.4712,0.6266,0,0,0,0,0,0,0,0,0,0,0,0,0,0,1,0,0,0,1,2,2,4536,267,196,39,51,101,63,59,46,3,5,0,11,261,189,11,17,13.1,8.6,1,1.3,2.5,1.4,1.4,1.1,0.1,0.1,0,0.7,6.4,4.8,0.3,0.4
23,"Maine","ME",23005,"Cumberland County",23005003701,"Census Tract 37.01; Cumberland County; Maine",3.932556206356,4184,443,1896,205,1730,211,244,138,0,11,232,98,41,37,52,39,1051,334,928,199,350,120,74,56,16,52,238,635,10,21,0,11,0,15,59,62,0,11,5.8,3.2,0,1.4,13.4,5.4,1.3,1.2,1.2,0.9,25.1,6.9,22.2,4.3,8.4,2.8,4.3,3.2,0.4,1.3,5.7,15.2,0.5,1.1,0,1.4,0,0.8,3.4,3.6,0,0.3,0.0602,0,0.0627,0.0551,0.0226,0.2006,0.0025,0.6967,0.8145,0.0702,0.5915,0.6717,2.8446,0.7519,0.4035,0.4035,0.4035,0.3133,0,0,0.3584,0,0.6717,0.005,4.1204,0.0276,0,0,0,0,0,0,0,0,0,0,0,0,0,0,0,0,0,0,0,0,0,1612,88,68,0,11,32,28,137,168,0,11,0,11,69,59,0,11,5.1,3.9,0,0.7,0.8,0.7,3.3,4,0,0.7,0,0.7,1.6,1.4,0,0.7
23,"Maine","ME",23005,"Cumberland County",23005003702,"Census Tract 37.02; Cumberland County; Maine",10.919905876676,5335,441,2256,217,2117,217,221,151,111,82,405,216,5,11,67,83,1268,241,1286,306,275,114,79,60,0,60,243,644,15,31,0,15,0,21,90,100,28,15,4.2,2.8,3.7,2.7,19.1,10,0.1,0.3,1.3,1.6,23.8,5.1,24.1,4.6,5.2,2.1,3.7,2.8,0,1.2,4.6,12.1,0.7,1.4,0,1.2,0,0.9,4.3,4.7,0.5,0.3,0.0201,0.5138,0.3008,0.0025,0.0326,0.8698,0.0602,0.619,0.9073,0.0025,0.5088,0,2.0376,0.3183,0.2581,0.2581,0.2581,0.3709,0,0,0.4411,0.4461,1.2581,0.1028,4.4236,0.0476,0,0,0,0,0,0,0,1,0,0,0,1,0,0,0,0,0,0,0,0,1,4447,73,73,0,15,76,58,46,45,0,15,0,15,121,106,0,15,3.4,3.5,0,0.5,1.4,1.1,0.9,0.9,0,0.5,0,0.5,2.3,2,0,0.5
23,"Maine","ME",23005,"Cumberland County",23005004001,"Census Tract 40.01; Cumberland County; Maine",10.61302505724,3049,397,1215,170,1167,148,342,213,47,38,204,91,38,29,55,56,396,71,658,201,427,165,52,41,0,44,541,495,0,15,346,143,0,15,26,27,11,3,11.2,6.8,2.5,2,17.5,7.5,1.7,1.3,1.8,1.8,13,2.3,21.6,4.9,14,5.1,4.5,3.5,0,1.5,17.7,16.1,0,1.2,28.5,11.1,0,1.2,2.2,2.3,0.4,0.1,0.218,0.3008,0.2256,0.0802,0.0576,0.8822,0.0627,0.0652,0.7744,0.3734,0.619,0,1.832,0.2306,0.9173,0.9173,0.9173,0,0.9799,0,0.2155,0.3985,1.5939,0.1779,5.2254,0.1253,0,0,0,0,0,0,0,0,0,0,0,0,1,1,0,1,0,0,0,1,2,4419,28,33,41,48,46,43,38,44,0,11,0,11,416,299,0,11,2.4,2.9,1.3,1.5,1.5,1.4,1.2,1.5,0,0.9,0,0.9,13.6,8.8,0,0.9
23,"Maine","ME",23005,"Cumberland County",23005004002,"Census Tract 40.02; Cumberland County; Maine",13.340862328278,7839,713,2778,277,2669,278,312,164,203,120,559,218,123,128,630,418,1429,201,1250,338,786,217,118,97,7,59,933,1026,169,102,39,39,0,21,194,103,1502,34,4.9,2.5,4.5,2.7,20.9,7.9,2.6,2.6,8.2,5.3,18.2,2.8,15.9,3.5,10.2,2.7,4.4,3.6,0.1,0.8,11.9,13,6.1,3.6,1.4,1.4,0,0.8,7.3,3.8,19.2,1.8,0.0326,0.6241,0.391,0.1504,0.6341,1.8322,0.2531,0.3158,0.3383,0.1228,0.604,0.4887,1.8696,0.2506,0.8195,0.8195,0.8195,0.7143,0.2431,0,0.6491,0.9825,2.589,0.6065,7.1103,0.3709,0,0,0,0,0,0,0,0,0,0,0,0,0,0,0,0,0,0,1,1,1,10805,308,163,102,51,129,90,214,174,0,15,0,15,452,248,36,52,11.5,5.8,1.3,0.6,1.6,1.2,2.7,2.2,0,0.3,0,0.3,5.8,3.2,0.5,0.7
23,"Maine","ME",23005,"Cumberland County",23005004100,"Census Tract 41; Cumberland County; Maine",26.634128318608,7111,699,2284,209,2207,205,792,459,90,121,355,168,258,154,305,169,869,152,2214,508,939,310,58,55,0,60,793,1062,0,21,20,29,166,179,32,36,11,6,11.2,6.4,2.5,3.3,16.1,7.5,5.8,3.4,4.3,2.4,12.2,2.5,31.1,5.1,13.2,4.4,2.7,2.5,0,0.9,11.2,14.9,0,0.9,0.9,1.3,7.5,7.8,1.4,1.6,0.2,0.1,0.218,0.3008,0.1479,0.4987,0.2381,1.4035,0.1529,0.0501,0.99,0.3108,0.3308,0,1.6817,0.1754,0.787,0.787,0.787,0,0.218,0.9875,0.1203,0.2807,1.6065,0.188,5.4787,0.1579,0,0,0,0,0,0,0,1,0,0,0,1,0,0,0,0,1,0,0,1,2,3008,253,137,1,2,242,212,78,90,48,56,0,15,424,273,0,15,11.5,6.2,0,0.1,3.4,3.1,1.1,1.3,0.7,0.8,0,0.4,6,3.9,0,0.4
23,"Maine","ME",23005,"Cumberland County",23005004201,"Census Tract 42.01; Cumberland County; Maine",13.043834831882,4303,325,1497,150,1466,140,84,82,61,73,225,124,45,53,92,77,562,175,1249,158,315,127,36,42,0,44,365,468,0,15,46,43,15,25,135,107,0,11,2,1.9,2.7,3.2,15.3,8.3,1.6,1.8,2.1,1.7,13.1,4,29,2.7,7.3,2.9,2.5,2.9,0,1.1,8.5,10.9,0,1,3.1,2.8,1,1.7,9.2,7.2,0,0.3,0.005,0.3484,0.1178,0.0752,0.0777,0.6241,0.0376,0.0727,0.9774,0.0376,0.3008,0,1.3885,0.0777,0.6316,0.6316,0.6316,0,0.3283,0.5213,0.7519,0,1.6015,0.183,4.2457,0.0401,0,0,0,0,0,0,0,1,0,0,0,1,0,0,0,0,0,0,0,0,1,2014,139,93,38,61,129,144,43,59,0,11,0,11,116,114,39,46,9.5,6,0.9,1.4,3,3.3,1,1.4,0,0.6,0,0.6,2.7,2.7,0.9,1.1
23,"Maine","ME",23005,"Cumberland County",23005004202,"Census Tract 42.02; Cumberland County; Maine",13.38839766211,4737,319,2244,145,1858,152,237,108,82,64,360,127,73,61,33,27,1018,123,1132,236,346,100,83,59,22,52,350,496,51,74,9,13,0,15,26,20,13,10,5,2.3,3.1,2.4,19.4,6.6,2.2,1.9,0.7,0.6,21.5,3.2,23.9,4,7.3,2.1,4.5,3.2,0.5,1.2,7.4,10.5,2.3,3.3,0.4,0.6,0,0.7,1.4,1.1,0.3,0.2,0.0376,0.411,0.3083,0.1178,0.0175,0.8922,0.0652,0.5213,0.8947,0.0376,0.619,0.7318,2.8044,0.7293,0.5464,0.5464,0.5464,0.5664,0.1529,0,0.1203,0.3409,1.1805,0.0752,5.4235,0.1529,0,0,0,0,0,0,0,0,0,0,0,0,0,0,0,0,0,0,0,0,0,4850,73,33,0,11,207,152,121,105,0,11,0,11,22,24,0,11,3.9,1.8,0,0.6,4.4,3.3,2.6,2.2,0,0.6,0,0.6,0.5,0.5,0,0.6
23,"Maine","ME",23005,"Cumberland County",23005004401,"Census Tract 44.01; Cumberland County; Maine",7.36683774306,5856,498,2068,147,2051,147,976,758,226,171,575,311,111,100,161,120,720,200,1696,350,358,133,95,65,37,80,308,748,191,109,41,65,0,21,51,45,156,14,17.2,13.3,6.7,4.2,28,15,3,2.7,2.8,2.2,12.3,3.9,29,5.1,6.3,2.5,4.7,3.2,0.7,1.4,5.3,12.8,9.3,5.2,2,3.2,0,1,2.5,2.2,2.7,0.1,0.4361,0.8321,0.6942,0.2055,0.1278,2.2957,0.411,0.0551,0.9774,0.0175,0.6416,0.7995,2.4911,0.5664,0.3409,0.3409,0.3409,0.7945,0.2782,0,0.2481,0.7544,2.0752,0.3484,7.2029,0.3885,0,0,0,0,0,0,0,1,0,0,0,1,0,0,0,0,0,0,0,0,1,5036,118,90,32,38,88,96,41,75,1,2,0,15,42,57,104,141,5.8,4.3,0.5,0.7,1.5,1.7,0.7,1.3,0,0.1,0,0.5,0.7,1,1.8,2.4
23,"Maine","ME",23005,"Cumberland County",23005004402,"Census Tract 44.02; Cumberland County; Maine",6.037754581338,3128,495,1414,215,1298,209,239,114,19,28,272,98,13,16,155,94,719,151,670,129,333,126,109,49,0,44,249,675,9,17,8,14,2,12,20,20,3,1,7.6,3.4,1.2,1.7,21,6.8,0.6,0.7,5,2.9,23,3.3,21.4,2.6,10.6,3.7,8.4,3.5,0,1.5,8,21.5,0.6,1.2,0.6,1,0.2,0.8,1.5,1.5,0.1,0,0.1028,0.0977,0.3985,0.01,0.2957,0.9047,0.0677,0.5915,0.7544,0.1404,0.9098,0,2.3961,0.5138,0.594,0.594,0.594,0.3434,0.1905,0.3283,0.1303,0.188,1.1805,0.0752,5.0753,0.1103,0,0,0,0,0,0,0,0,0,1,0,1,0,0,0,0,0,0,0,0,1,4386,50,42,27,30,90,70,62,70,14,26,0,11,38,46,18,21,3.9,3.4,0.9,0.9,2.9,2.1,2,2.3,0.4,0.8,0,0.9,1.2,1.4,0.6,0.7
23,"Maine","ME",23005,"Cumberland County",23005004501,"Census Tract 45.01; Cumberland County; Maine",15.327496114998,3446,403,1313,142,1227,141,318,143,36,27,157,72,170,109,219,126,776,224,792,182,276,93,71,60,0,44,436,582,0,15,159,54,24,27,21,18,111,8,9.7,4.2,1.9,1.5,12.8,5.7,6.7,4.3,6.6,3.8,22.5,5.9,23,3.9,8.3,2.7,5.8,4.8,0,1.4,12.7,16.8,0,1.1,12.1,4.3,2,2,1.7,1.4,3.2,0.4,0.183,0.218,0.0501,0.5789,0.4586,1.4886,0.1729,0.5589,0.8647,0.0652,0.7419,0,2.2307,0.4486,0.8496,0.8496,0.8496,0,0.7118,0.7368,0.1654,0.7895,2.4035,0.5263,6.9724,0.3434,0,0,0,0,0,0,0,0,0,0,0,0,0,0,0,0,0,0,0,0,0,3123,46,43,1,3,63,51,29,32,0,11,0,11,313,176,30,38,3.7,3.5,0,0.1,1.8,1.5,0.8,0.9,0,0.8,0,0.8,9.1,5,0.9,1.1
23,"Maine","ME",23005,"Cumberland County",23005004502,"Census Tract 45.02; Cumberland County; Maine",19.414337136146,5254,405,2690,235,2186,225,602,267,171,112,466,205,109,91,206,148,1377,401,984,236,384,176,74,64,53,90,347,623,237,145,90,95,19,35,53,43,73,13,11.6,5.1,6.3,4,21.3,9.1,2.7,2.3,4,2.8,26.2,7.4,18.7,4.2,7.4,3.4,3.3,2.9,1.1,1.9,6.6,11.8,8.8,5.3,3.3,3.6,0.9,1.3,2.4,2,1.4,0.2,0.2356,0.8045,0.4085,0.1629,0.2005,1.812,0.2506,0.7419,0.5739,0.0426,0.4311,0.8747,2.6642,0.6617,0.4862,0.4862,0.4862,0.7895,0.3509,0.4912,0.2406,0.6441,2.5163,0.5689,7.4787,0.4561,0,0,0,0,0,0,0,0,0,0,0,0,0,0,0,0,0,0,0,0,0,7478,94,84,0,15,115,117,210,179,0,15,0,15,22,27,0,15,4.3,3.8,0,0.5,2.2,2.3,4,3.4,0,0.5,0,0.5,0.4,0.5,0,0.5
23,"Maine","ME",23005,"Cumberland County",23005004600,"Census Tract 46; Cumberland County; Maine",21.225416521098,4106,16,1624,118,1535,87,380,201,62,38,260,107,80,53,173,96,609,100,924,143,266,100,60,48,0,44,281,162,0,15,0,11,13,22,23,31,5,4,9.3,4.9,2.5,1.6,16.9,6.9,2.7,1.7,4.2,2.3,14.8,2.4,22.5,3.5,6.5,2.4,3.9,3.1,0,1.2,6.8,3.9,0,0.9,0,1.7,0.8,1.4,1.5,2,0.1,0.1,0.1679,0.3008,0.1855,0.1629,0.2231,1.0402,0.0902,0.1303,0.8346,0.0251,0.5363,0,1.5263,0.1178,0.5038,0.5038,0.5038,0,0,0.4637,0.1303,0.188,0.782,0.01,3.8523,0.0201,0,0,0,0,0,0,0,0,0,0,0,0,0,0,0,0,0,0,0,0,0,1552,31,49,0,11,104,96,50,48,0,11,0,11,127,107,0,11,2,3.2,0,0.7,2.5,2.3,1.2,1.2,0,0.7,0,0.7,3.1,2.6,0,0.7
23,"Maine","ME",23005,"Cumberland County",23005004701,"Census Tract 47.01; Cumberland County; Maine",11.943326756874,2219,290,1519,161,965,123,277,117,26,20,198,76,29,39,115,55,455,88,450,110,244,88,0,15,0,44,91,409,0,15,6,10,27,33,35,30,0,11,12.5,5,2.1,1.7,20.5,7.4,1.7,2.2,5.2,2.4,20.5,3.5,20.3,3.8,11.1,3.4,0,1.6,0,2.1,4.1,18.4,0,1,0.4,0.6,2.8,2.2,3.6,3.1,0,0.5,0.2732,0.2381,0.3684,0.0802,0.3208,1.2807,0.1253,0.4612,0.6842,0.1779,0,0,1.3233,0.0526,0.2055,0.2055,0.2055,0,0.1529,0.8496,0.381,0,1.3835,0.1178,4.193,0.0351,0,0,0,0,0,0,0,0,0,0,0,0,0,0,0,0,0,0,0,0,0,710,81,48,0,11,5,9,8,13,4,7,0,11,74,61,0,11,8.4,4.7,0,1.2,0.2,0.4,0.4,0.6,0.2,0.3,0,1.2,3.3,2.7,0,1.2
23,"Maine","ME",23005,"Cumberland County",23005004702,"Census Tract 47.02; Cumberland County; Maine",31.349890501454,6065,291,2918,290,2703,240,536,289,88,67,552,239,185,121,295,249,1044,404,1100,277,705,256,20,32,0,60,658,426,160,115,92,68,53,73,91,94,16,2,8.8,4.7,2.4,1.8,20.4,8.7,4,2.6,4.9,4.1,17.2,6.8,18.1,4.3,11.7,4.1,0.7,1.2,0,1.1,10.8,7,5.4,3.9,3.2,2.3,2,2.5,3.4,3.5,0.3,0,0.1353,0.2957,0.3634,0.3183,0.2882,1.4009,0.1504,0.2481,0.5213,0.2055,0.0576,0,1.0325,0.01,0.7719,0.7719,0.7719,0.6967,0.3383,0.7368,0.3584,0.3409,2.4711,0.5464,5.6764,0.1704,0,0,0,0,0,0,0,0,0,0,0,0,0,0,0,0,0,0,0,0,0,5904,283,153,34,60,53,58,35,52,16,25,0,15,520,301,0,15,10.5,5.7,0.6,1,0.9,1,0.6,0.8,0.3,0.4,0,0.5,8.6,4.8,0,0.5
23,"Maine","ME",23005,"Cumberland County",23005004802,"Census Tract 48.02; Cumberland County; Maine",15.945677849566,5054,482,2368,239,2209,264,359,180,70,49,380,152,44,43,304,140,705,148,924,186,323,145,64,56,12,61,677,690,33,39,160,99,0,21,78,63,18,2,7.1,3.5,2.3,1.6,17.2,6.6,1.1,1.1,6,2.7,13.9,2.6,18.3,3.3,6.4,2.9,2.9,2.5,0.2,1.3,13.4,13.6,1.4,1.6,6.8,4,0,0.9,3.5,2.9,0.4,0,0.0877,0.2732,0.2055,0.0451,0.3885,1,0.0802,0.0977,0.5414,0.0226,0.3634,0.5388,1.5639,0.1278,0.8672,0.8672,0.8672,0.4561,0.5113,0,0.3709,0.3985,1.7368,0.2206,5.1679,0.1178,0,0,0,0,0,0,0,0,0,0,0,0,0,0,0,0,0,0,0,0,0,1874,250,135,31,53,141,98,99,92,0,15,0,15,406,264,0,15,11.3,5.8,0.6,1,2.8,1.9,2,1.8,0,0.5,0,0.5,8,5.1,0,0.5
23,"Maine","ME",23005,"Cumberland County",23005004803,"Census Tract 48.03; Cumberland County; Maine",18.595041433512,5999,599,2357,196,2159,217,311,205,88,83,346,158,173,103,75,59,842,228,1042,367,419,163,93,92,0,60,564,861,0,21,33,52,0,21,65,95,543,34,5.7,3.7,2.5,2.5,16,7.1,3.8,2.3,1.4,1.1,14,3.9,17.4,5,7.6,3.2,4.3,4.2,0,1,9.4,14.3,0,0.9,1.4,2.2,0,0.9,3,4.4,9.1,1.1,0.0526,0.3008,0.1429,0.3033,0.0376,0.8372,0.0526,0.1053,0.4486,0.0501,0.5915,0,1.1955,0.0351,0.7068,0.7068,0.7068,0,0.2431,0,0.3083,0.9449,1.4963,0.1529,4.2358,0.0376,0,0,0,0,0,0,0,0,0,0,0,0,0,0,0,0,0,0,1,1,1,5997,204,137,59,65,169,143,25,33,0,15,0,15,311,160,0,15,9.4,6.2,1,1.1,2.8,2.4,0.4,0.5,0,0.5,0,0.5,5.2,2.7,0,0.5
23,"Maine","ME",23005,"Cumberland County",23005004804,"Census Tract 48.04; Cumberland County; Maine",4.214972444766,4405,513,1865,157,1802,154,331,191,32,30,321,127,50,45,58,42,847,231,771,161,417,134,34,40,62,78,366,719,0,15,15,19,22,32,21,24,7,4,7.6,4.3,1.2,1.1,17.8,6.9,1.5,1.3,1.3,1,19.2,5.7,17.5,2.5,9.5,3.1,1.9,2.2,1.5,1.9,8.3,16.3,0,0.8,0.8,1,1.2,1.7,1.2,1.3,0.2,0.1,0.1028,0.0977,0.2331,0.0677,0.0326,0.5339,0.0276,0.381,0.4687,0.1078,0.2155,0.9023,2.0753,0.3409,0.6165,0.6165,0.6165,0,0.2055,0.5639,0.0977,0.2807,1.1478,0.0677,4.3735,0.0451,0,0,0,0,0,0,0,0,0,0,1,1,0,0,0,0,0,0,0,0,1,3289,37,37,0,11,60,89,185,226,0,11,0,11,121,113,0,11,2.1,2,0,0.6,1.4,2.1,4.2,5,0,0.6,0,0.6,2.7,2.5,0,0.6
23,"Maine","ME",23005,"Cumberland County",23005004805,"Census Tract 48.05; Cumberland County; Maine",7.822213005594,3122,393,1743,223,1301,164,280,170,0,11,246,123,84,55,92,127,542,168,592,204,462,226,47,57,45,76,295,549,96,49,0,11,0,15,68,51,97,8,9.3,5.5,0,1.7,18.9,9.1,3.5,2.4,3,4.1,17.4,4.8,19,5.6,15.3,6.6,3.6,4.4,1.5,2.6,9.4,17.5,5.5,2.7,0,1.6,0,0.9,5.2,3.9,3.1,0.5,0.1679,0,0.2907,0.2556,0.1404,0.8546,0.0576,0.2607,0.604,0.4511,0.4912,0.9023,2.7093,0.6892,0.7068,0.7068,0.7068,0.7018,0,0,0.5288,0.7769,2.0075,0.3108,6.2782,0.2506,0,0,0,0,0,0,0,0,0,0,1,1,0,0,0,0,0,0,0,0,1,4908,103,59,0,11,19,32,94,120,0,11,0,11,182,195,0,11,7.9,4.6,0,0.9,0.6,1,3,3.7,0,0.9,0,0.9,5.8,6.2,0,0.9
23,"Maine","ME",23005,"Cumberland County",23005011100,"Census Tract 111; Cumberland County; Maine",14.183075887326,4632,593,2163,220,1951,202,990,468,105,70,813,199,347,140,386,183,870,127,1077,298,730,231,116,81,26,55,648,850,76,38,733,145,0,15,90,43,96,32,22.1,10,5,3.4,41.7,9.2,10.8,4.2,8.7,4,18.8,3.3,23.3,4.5,16.4,4.3,6,4.1,0.6,1.3,14,18.3,3.5,1.7,33.9,6.4,0,0.7,4.6,2.2,2.1,0.6,0.6165,0.6842,0.9624,0.8872,0.6842,3.8345,0.9198,0.3484,0.8772,0.5163,0.7669,0.7644,3.2732,0.9098,0.8747,0.8747,0.8747,0.6266,1,0,0.4837,0.7018,2.8121,0.7018,10.7945,0.9474,0,0,1,0,0,1,0,0,0,0,0,0,0,0,0,1,0,0,0,1,2,6726,187,75,66,108,173,120,82,75,0,11,0,11,280,147,47,56,9.6,3.8,1.4,2.3,3.7,2.5,1.8,1.7,0,0.6,0,0.6,6,3.2,1,1.2
23,"Maine","ME",23005,"Cumberland County",23005011203,"Census Tract 112.03; Cumberland County; Maine",7.261539233416,3910,436,1604,157,1511,164,368,164,28,39,280,128,102,90,106,81,1096,250,637,142,299,122,48,46,0,44,297,608,0,15,219,109,0,15,29,36,268,13,10.2,4.4,1.4,1.9,18.5,8.2,3.7,3.3,2.7,2.1,28,5.4,16.3,2.8,7.7,3.3,3.1,3,0,1.2,7.6,15.5,0,0.9,13.7,6.6,0,0.9,1.9,2.4,6.9,0.8,0.1955,0.1353,0.2657,0.2832,0.1178,0.9975,0.0777,0.8045,0.3609,0.0526,0.3985,0,1.6165,0.1504,0.5664,0.5664,0.5664,0,0.7669,0,0.1805,0.9148,1.8622,0.2682,5.0426,0.1028,0,0,0,0,0,0,0,0,0,0,0,0,0,0,0,0,0,0,1,1,1,3207,156,94,12,15,99,72,75,73,0,11,0,11,46,51,65,102,10.3,6.1,0.3,0.4,2.5,1.9,1.9,1.8,0,0.7,0,0.7,1.2,1.4,1.7,2.5
23,"Maine","ME",23005,"Cumberland County",23005011204,"Census Tract 112.04; Cumberland County; Maine",3.305215746246,3560,371,1669,161,1633,179,349,192,151,190,467,163,34,36,65,60,1054,166,477,88,442,124,29,33,18,47,226,526,233,77,0,11,0,15,69,58,75,4,10.1,5.5,8.1,9.5,28.6,9.5,1.2,1.2,1.9,1.7,29.6,3.8,13.4,2.3,12.7,3.4,1.8,2,0.5,1.4,6.3,14.8,14,4.4,0,1.6,0,0.9,4.2,3.5,2.1,0.2,0.1905,0.9123,0.7218,0.0501,0.0627,1.9374,0.2832,0.8446,0.1905,0.2782,0.198,0.7318,2.2431,0.4536,0.4687,0.4687,0.4687,0.8822,0,0,0.4311,0.7018,2.0151,0.3158,6.6643,0.3033,0,1,0,0,0,1,0,0,0,0,0,0,0,0,0,0,0,0,0,0,1,2885,235,120,41,69,43,58,53,67,0,11,0,11,80,65,9,15,14.4,6.6,1.2,1.9,1.2,1.6,1.5,1.9,0,0.8,0,0.8,2.2,1.8,0.3,0.4
23,"Maine","ME",23005,"Cumberland County",23005011205,"Census Tract 112.05; Cumberland County; Maine",1.537385190722,2924,736,1760,215,1536,228,278,105,19,29,512,183,78,78,254,159,728,136,545,356,420,125,25,29,51,92,320,1038,276,136,0,11,28,36,243,125,110,7,9.8,2.7,1.2,1.8,33.3,10.8,3.5,3.5,8.7,5.6,24.9,7.9,18.6,8.1,14.4,5.2,1.6,1.9,1.9,3.4,10.9,35.4,15.7,7.5,0,1.5,1.8,2,15.8,8.1,3.8,1,0.1855,0.0977,0.8321,0.2556,0.6842,2.0551,0.3233,0.6817,0.5639,0.406,0.1805,0.9273,2.7594,0.7043,0.7744,0.7744,0.7744,0.9073,0,0.7043,0.9248,0.8095,3.3459,0.8822,8.9348,0.7368,0,0,0,0,0,0,0,0,0,0,1,1,0,0,1,0,0,1,0,2,3,5731,226,118,102,155,23,24,81,103,0,11,0,11,114,145,0,11,14.7,7.8,3.5,5.3,0.8,0.8,2.8,3.5,0,0.9,0,0.9,3.9,5.1,0,0.9
23,"Maine","ME",23005,"Cumberland County",23005011206,"Census Tract 112.06; Cumberland County; Maine",1.160277822914,3921,511,1145,136,1103,141,458,235,71,48,279,118,24,28,99,93,659,126,603,280,340,137,70,61,0,44,662,736,0,15,6,13,15,21,44,41,1224,21,17.2,8.2,3.3,2.2,25.3,10.2,1.3,1.5,2.5,2.4,16.8,3.5,15.4,5.6,8.7,3.6,6.3,5.5,0,1.2,16.9,18.6,0,1.3,0.5,1.1,1.4,1.8,4,3.7,31.2,4.1,0.4361,0.4662,0.599,0.0551,0.1003,1.6567,0.213,0.2231,0.2932,0.0802,0.7945,0,1.391,0.0802,0.9123,0.9123,0.9123,0,0.1704,0.619,0.4085,0.99,2.1879,0.401,6.1479,0.2281,0,0,0,0,0,0,0,0,0,0,0,0,1,1,0,0,0,0,1,1,2,5801,41,36,101,55,216,87,145,56,0,11,0,11,200,141,0,11,3.7,3.3,2.6,1.4,5.5,2.2,3.7,1.5,0,0.7,0,0.7,5.1,3.7,0,0.7
23,"Maine","ME",23005,"Cumberland County",23005011300,"Census Tract 113; Cumberland County; Maine",19.32800357064,2744,291,1006,100,961,105,116,68,94,64,139,52,142,74,115,91,421,58,679,143,273,80,49,34,6,43,205,409,0,15,113,55,13,20,13,15,7,9,4.3,2.5,6.2,3.9,14.5,5.2,7.4,3.9,4.2,3.2,15.3,2.4,24.7,4,10,2.9,5.1,3.5,0.2,1.7,7.5,14.9,0,1.5,11.2,5.6,1.4,2,1.4,1.6,0.3,0.3,0.0226,0.7995,0.0927,0.6491,0.2231,1.787,0.2481,0.1454,0.9273,0.1153,0.6867,0.5388,2.4135,0.5238,0.5589,0.5589,0.5589,0,0.6792,0.619,0.1203,0.3409,1.7594,0.2281,6.5188,0.2832,0,0,0,0,0,0,0,1,0,0,0,1,0,0,0,0,0,0,0,0,1,898,37,36,0,11,38,46,12,20,0,11,0,11,155,125,0,11,3.9,3.7,0,1,1.4,1.7,0.4,0.7,0,1,0,1,5.6,4.4,0,1
23,"Maine","ME",23005,"Cumberland County",23005011500,"Census Tract 115; Cumberland County; Maine",69.982482100842,7305,201,2908,246,2712,218,432,140,157,129,377,127,173,98,281,154,1148,229,1607,257,913,172,54,50,0,60,236,304,0,21,166,100,79,85,8,8,37,5,6,1.9,3.7,3.1,13.9,4.5,3.4,1.9,3.9,2.1,15.7,3.2,22,3.3,12.6,2.4,2,1.8,0,0.9,3.2,4.2,0,0.7,5.7,3.4,2.9,2.9,0.3,0.3,0.5,0.1,0.0652,0.5138,0.0802,0.2481,0.1905,1.0978,0.0977,0.1629,0.802,0.2707,0.2231,0,1.4587,0.1028,0.1253,0.1253,0.1253,0,0.4486,0.8571,0.0376,0.4461,1.7894,0.2356,4.4712,0.0501,0,0,0,0,0,0,0,0,0,0,0,0,0,0,0,0,0,0,0,0,0,4121,192,134,29,37,66,85,1,3,27,38,0,15,107,102,6,11,7.1,4.8,0.4,0.5,0.9,1.2,0,0.1,0.4,0.5,0,0.4,1.5,1.4,0.1,0.1
23,"Maine","ME",23005,"Cumberland County",23005012001,"Census Tract 120.01; Cumberland County; Maine",15.226509978592,1747,334,1077,163,738,160,25,23,8,13,71,44,10,16,36,19,626,319,315,95,64,48,19,22,7,44,53,468,0,15,17,17,0,15,10,15,24,15,1.4,1.3,0.9,1.5,9.6,5.6,0.7,1.1,2.1,1.2,35.8,13.6,18,5.4,3.7,2.7,2.6,2.9,0.4,2.8,3,26.8,0,1.4,1.6,1.6,0,1.4,1.4,2.1,1.4,0.8,0,0.0602,0.015,0.015,0.0777,0.1679,0,0.9449,0.5188,0,0.3233,0.6717,2.4587,0.5489,0.1078,0.1078,0.1078,0,0.2531,0,0.1203,0.6441,1.0175,0.0376,3.7519,0.0125,0,0,0,0,0,0,1,0,0,0,0,1,0,0,0,0,0,0,0,0,1,714,7,10,0,11,39,38,14,4,0,11,0,11,0,11,0,11,0.9,1.4,0,1.6,2.2,2.2,0.8,0.3,0,1.6,0,1.6,0,1.6,0,1.6
23,"Maine","ME",23005,"Cumberland County",23005012002,"Census Tract 120.02; Cumberland County; Maine",17.969324532312,2800,333,2137,217,1202,209,264,149,70,59,234,102,18,20,213,214,416,149,530,192,241,110,38,33,0,44,286,489,8,17,35,37,11,21,54,40,3,3,9.5,5.3,4.3,3.4,19.5,7.8,0.9,1,7.6,7.4,14.9,5.4,18.9,6.2,8.6,3.8,3.1,2.7,0,1.7,10.2,17.4,0.4,0.8,1.6,1.7,0.9,1,4.5,3.4,0.1,0.1,0.1754,0.599,0.3158,0.0251,0.584,1.6993,0.2356,0.1328,0.5965,0.0777,0.3985,0,1.2055,0.0376,0.7519,0.7519,0.7519,0.3008,0.2531,0.4912,0.4737,0.188,1.7068,0.2155,5.3635,0.1454,0,0,0,0,0,0,0,0,0,0,0,0,0,0,0,0,0,0,0,0,0,1709,188,208,7,15,30,36,40,41,0,11,0,11,1,2,208,307,15.6,15.6,0.3,0.5,1.1,1.3,1.4,1.4,0,1,0,1,0,0.1,7.4,10.7
23,"Maine","ME",23005,"Cumberland County",23005013001,"Census Tract 130.01; Cumberland County; Maine",16.04989141259,1709,271,1184,244,914,257,310,235,12,15,271,215,52,38,141,135,463,237,249,66,202,98,0,15,0,44,381,365,24,31,187,236,0,15,24,34,8,11,18.2,13.5,1.3,1.6,29.6,22,3.7,2.8,8.3,7.8,27.1,11.9,14.6,4.1,11.9,5.8,0,1.6,0,2.6,22.3,21.1,2,2.6,15.8,18.4,0,1.3,2.6,4.1,0.5,0.6,0.4862,0.1128,0.7494,0.2832,0.6466,2.2782,0.401,0.7794,0.2431,0.2155,0,0,1.238,0.0426,0.9599,0.9599,0.9599,0.5439,0.8296,0,0.2657,0.4461,2.0853,0.3609,6.5614,0.2907,0,0,0,0,0,0,0,0,0,0,0,0,1,1,0,0,0,0,0,0,1,592,13,20,2,5,0,11,0,11,0,11,0,11,379,312,0,11,1.4,2.4,0.1,0.3,0,1.6,0,1.6,0,1.6,0,1.6,22.2,16.3,0,1.6
23,"Maine","ME",23005,"Cumberland County",23005013002,"Census Tract 130.02; Cumberland County; Maine",15.234013098758,1948,270,1872,239,921,143,395,203,46,60,241,112,112,66,78,79,462,113,273,117,332,117,19,31,0,44,92,383,71,84,465,154,6,16,85,89,7,3,20.4,10.1,4.6,5.8,26.2,11.5,7,3.9,4,3.9,23.7,6.2,14,5.1,17.1,6,2.1,3.4,0,2.4,4.7,19.7,3.8,4.5,24.8,7.9,0.7,0.9,9.2,8.9,0.4,0.1,0.5464,0.6391,0.6341,0.609,0.2005,2.6291,0.5263,0.614,0.2155,0.5739,0.2406,0,1.644,0.1629,0.2707,0.2707,0.2707,0.6441,0.9599,0.4311,0.7519,0.3985,3.1855,0.8221,7.7293,0.5013,0,0,0,0,0,0,0,0,0,0,0,0,0,0,0,1,0,0,0,1,1,1186,164,103,0,11,12,25,27,39,0,11,0,11,53,52,0,11,17.8,9.8,0,1.4,0.6,1.2,1.4,2,0,1.4,0,1.4,2.7,2.7,0,1.4
23,"Maine","ME",23005,"Cumberland County",23005014001,"Census Tract 140.01; Cumberland County; Maine",16.170547129284,2765,234,2240,216,1450,245,344,262,0,11,419,297,43,55,146,142,672,168,503,159,358,164,11,21,0,44,225,369,0,15,304,258,0,15,45,41,0,11,12.4,9.4,0,1.7,28.9,19.9,2,2.5,5.3,5,24.3,6.4,18.2,5.3,12.9,6.1,0.8,1.4,0,1.7,8.1,13.3,0,0.7,13.6,11,0,0.7,3.1,2.9,0,0.4,0.2657,0,0.7343,0.1078,0.3258,1.4336,0.1554,0.6541,0.5313,0.2907,0.0752,0,1.5513,0.1253,0.604,0.604,0.604,0,0.7569,0,0.3158,0,1.0727,0.0501,4.6616,0.0652,0,0,0,0,0,0,0,0,0,0,0,0,0,0,0,0,0,0,0,0,0,1701,381,290,0,11,0,11,0,11,0,11,57,65,168,256,0,11,26.3,17,0,1,0,1,0,1,0,1,2.1,2.4,6.1,9.1,0,1
23,"Maine","ME",23005,"Cumberland County",23005014002,"Census Tract 140.02; Cumberland County; Maine",15.66403072634,1163,234,1223,171,595,143,133,90,27,37,163,90,27,22,56,45,314,124,186,84,104,74,19,25,0,44,128,308,0,15,200,126,0,15,26,40,9,8,11.6,7.5,4,5.4,27.4,13.6,2.9,2.5,4.8,3.8,27,8.6,16,6.3,9,5.8,3.2,4.1,0,3.8,11,26.4,0,1.2,16.4,9.6,0,1.2,4.4,6.4,0.8,0.7,0.2356,0.5514,0.6767,0.1955,0.2757,1.9349,0.2807,0.7744,0.3434,0.0952,0.4211,0,1.6341,0.1579,0.7769,0.7769,0.7769,0,0.8546,0,0.4586,0.5388,1.852,0.2632,6.1979,0.2381,0,0,0,0,0,0,0,0,0,0,0,0,0,0,0,0,0,0,0,0,0,1839,45,46,1,4,61,71,0,11,0,11,0,11,66,81,0,11,7.6,7.4,0.1,0.3,5.2,5.6,0,2.3,0,2.3,0,2.3,5.7,6.7,0,2.3
23,"Maine","ME",23005,"Cumberland County",23005015000,"Census Tract 150; Cumberland County; Maine",33.19435882906,2498,37,1862,101,1241,121,440,201,30,26,392,174,170,73,338,132,692,158,306,72,299,89,42,30,0,44,169,120,0,15,190,66,27,26,10,11,0,11,17.6,8,2.3,2,31.6,13.7,8,3.5,13.5,5.3,27.7,6.3,12.2,2.9,12,3.6,3.3,2.4,0,1.8,6.8,4.8,0,0.8,10.2,3.6,2.2,1.4,0.8,0.9,0,0.4,0.4612,0.2732,0.807,0.7193,0.9173,3.178,0.7419,0.792,0.1203,0.2206,0.4311,0,1.564,0.1303,0.5038,0.5038,0.5038,0,0.6291,0.7769,0.0602,0,1.4662,0.1328,6.712,0.3083,0,0,0,0,1,1,0,0,0,0,0,0,0,0,0,0,0,0,0,0,1,1014,123,55,0,11,38,44,31,42,0,11,0,11,100,94,0,11,9.9,4.8,0,1.1,1.5,1.8,1.2,1.7,0,1.1,0,1.1,4,3.8,0,1.1
23,"Maine","ME",23005,"Cumberland County",23005016001,"Census Tract 160.01; Cumberland County; Maine",45.865596736698,3613,389,3100,216,1637,243,448,241,167,130,157,104,339,194,582,473,972,438,389,192,839,363,104,83,0,44,258,555,59,59,180,112,0,15,19,31,49,7,12.5,6.6,9.9,7.1,9.6,6.2,11.4,6.5,16.3,12.6,26.9,11.2,10.8,5.6,23.5,9,6.4,5,0,1.2,7.1,15.3,1.9,1.9,5.8,3.6,0,0.5,1.2,1.9,1.4,0.1,0.2732,0.9499,0.015,0.9123,0.9624,3.1128,0.7168,0.7669,0.0852,0.8797,0.812,0,2.5438,0.5865,0.5263,0.5263,0.5263,0.5138,0.4561,0,0.0977,0.6441,1.7117,0.218,7.8946,0.5238,0,1,0,1,1,3,0,0,0,0,0,0,0,0,0,0,0,0,0,0,3,2151,154,113,1,6,90,94,19,35,0,11,0,11,148,120,0,11,9.4,6.5,0,0.2,2.5,2.6,0.5,1,0,0.8,0,0.8,4.1,3.3,0,0.8
23,"Maine","ME",23005,"Cumberland County",23005016002,"Census Tract 160.02; Cumberland County; Maine",10.999373390316,1858,389,1685,184,766,177,556,252,29,31,265,137,30,37,126,135,445,180,283,104,263,129,42,47,44,68,105,550,0,15,462,168,0,15,94,79,116,9,31.6,12.5,3.5,3.4,34.6,16,2.5,2.9,6.8,6.9,24,8.3,15.2,4.3,14.2,7.7,5.5,6,2.4,3.7,5.7,29.6,0,0.9,27.4,10.2,0,0.9,12.3,9.4,6.2,1.4,0.8922,0.4812,0.8496,0.1404,0.4837,2.8471,0.619,0.6316,0.2832,0.381,0.7268,0.9524,2.975,0.8221,0.4035,0.4035,0.4035,0,0.9724,0,0.8521,0.9048,2.7293,0.6642,8.9549,0.7469,0,0,0,0,0,0,0,0,0,0,1,1,0,0,0,1,0,0,1,2,3,2119,52,48,36,39,50,54,6,11,0,11,0,11,13,16,0,11,6.8,6.5,1.9,2.2,2.7,2.9,0.3,0.6,0,1.5,0,1.5,0.7,0.9,0,1.5
23,"Maine","ME",23005,"Cumberland County",23005016500,"Census Tract 165; Cumberland County; Maine",68.087038656686,3183,230,2130,148,1334,112,591,166,82,70,336,92,271,98,481,164,626,93,524,137,519,104,39,28,0,44,193,328,0,15,234,89,30,31,18,17,6,5,18.7,5.1,4.8,4,25.2,6.6,11.8,3.8,15.1,4.9,19.7,3,16.5,3.7,16.3,3.2,2.9,2.1,0,1.4,6.1,10.3,0,0.7,11,3.9,2.2,1.4,1.3,1.3,0.2,0.2,0.4987,0.6591,0.594,0.9223,0.9524,3.6265,0.8747,0.4185,0.381,0.5113,0.3634,0,1.6742,0.1679,0.4461,0.4461,0.4461,0,0.6617,0.7769,0.1078,0.2807,1.8271,0.2556,7.5739,0.4837,0,0,0,1,1,2,0,0,0,0,0,0,0,0,0,0,0,0,0,0,2,1312,203,69,3,5,42,40,0,11,7,9,0,11,137,68,4,8,15.2,5,0.1,0.2,1.3,1.3,0,0.9,0.2,0.3,0,0.9,4.3,2.1,0.1,0.2
23,"Maine","ME",23005,"Cumberland County",23005017002,"Census Tract 170.02; Cumberland County; Maine",17.867710594054,3521,390,2299,164,1085,138,180,111,34,36,136,65,42,37,360,381,655,122,448,85,425,111,0,15,1,42,435,584,0,15,10,15,28,30,45,41,668,14,6.3,3.8,1.7,1.8,12.5,5.8,2,1.8,10.2,10,18.6,3.4,12.7,2.6,12.1,3,0,1.4,0,1.2,12.4,16.5,0,0.7,0.4,0.6,2.6,1.3,4.1,3.7,19,2.1,0.0727,0.1754,0.0451,0.1078,0.7945,1.1955,0.1153,0.3409,0.1504,0.2281,0,0,0.7194,0.0025,0.8396,0.8396,0.8396,0,0.1529,0.8221,0.4185,0.9799,2.3734,0.5188,5.1279,0.1153,0,0,0,0,0,0,0,0,0,0,0,0,0,0,0,0,0,0,1,1,1,3025,27,25,35,32,120,103,47,44,0,11,0,11,233,192,0,11,2.5,2.2,1,0.9,3.4,2.9,1.3,1.3,0,0.8,0,0.8,6.6,5.5,0,0.8
23,"Maine","ME",23005,"Cumberland County",23005017003,"Census Tract 170.03; Cumberland County; Maine",19.277668225104,3323,334,1463,196,1315,200,294,202,44,46,349,151,176,157,25,37,591,137,541,134,278,113,22,45,0,44,296,480,0,15,236,133,53,45,56,67,0,11,8.8,6,2,2.1,26.5,10.8,7.4,6.2,0.8,1.1,17.8,4,16.3,3.9,8.4,3.4,1.7,3.4,0,1.4,8.9,14.4,0,1,16.1,9,4,3,4.3,5.1,0,0.3,0.1353,0.2256,0.6491,0.6491,0.0201,1.6792,0.2331,0.2832,0.3609,0.0702,0.1855,0,0.8998,0.0075,0.6566,0.6566,0.6566,0,0.8446,0.9298,0.4411,0,2.2155,0.4236,5.4511,0.1554,0,0,0,0,0,0,0,0,0,0,0,0,0,0,0,0,1,0,0,1,1,3129,83,53,0,11,0,11,41,45,0,11,0,11,255,157,0,11,6.3,4.1,0,0.8,0,0.8,1.2,1.3,0,0.8,0,0.8,7.7,4.6,0,0.8
23,"Maine","ME",23005,"Cumberland County",23005017004,"Census Tract 170.04; Cumberland County; Maine",23.25617443048,3628,456,1418,219,1232,179,1031,500,0,11,382,207,98,101,98,135,506,149,982,295,459,224,40,55,0,44,131,658,0,15,87,72,0,15,40,54,8,2,28.4,13.3,0,1.7,31,16.2,4.1,4.1,2.7,3.7,13.9,3.6,27.1,6.9,12.7,6.5,3.2,4.4,0,1.2,3.6,18.1,0,1.1,6.1,5.2,0,1.1,3.2,4.4,0.2,0,0.8371,0,0.792,0.3333,0.1178,2.0802,0.3333,0.0977,0.9674,0.2782,0.4211,0,1.7644,0.213,0.1579,0.1579,0.1579,0,0.4787,0,0.3308,0.2807,1.0902,0.0551,5.0927,0.1128,0,0,0,0,0,0,0,1,0,0,0,1,0,0,0,0,0,0,0,0,1,1286,2,32,27,44,26,39,0,11,46,45,0,11,32,49,0,11,0.2,2.6,0.7,1.2,0.7,1.1,0,0.8,1.3,1.2,0,0.8,0.9,1.4,0,0.8
23,"Maine","ME",23005,"Cumberland County",23005017101,"Census Tract 171.01; Cumberland County; Maine",12.1258421916,2303,267,1852,183,1140,155,287,132,22,20,272,99,63,39,114,46,974,149,223,65,273,85,6,14,0,44,76,374,6,14,103,55,0,15,23,25,26,9,12.6,5.6,2.2,1.9,23.9,8.1,3.2,2,5,1.9,42.3,4.5,9.7,2.8,12,3.9,0.5,1.2,0,1.9,3.3,16.2,0.3,0.8,5.6,2.9,0,0.8,2,2.2,1.1,0.4,0.2807,0.2506,0.5539,0.2331,0.2957,1.614,0.193,0.9774,0.0602,0.2206,0.0451,0,1.3033,0.0476,0.1353,0.1353,0.1353,0.2907,0.4436,0,0.198,0.6015,1.5338,0.1629,4.5864,0.0576,0,0,0,0,0,0,1,0,0,0,0,1,0,0,0,0,0,0,0,0,1,866,156,79,0,11,29,31,11,12,0,11,0,11,18,17,18,19,13.7,6.5,0,1.2,1.3,1.3,0.5,0.5,0,1.2,0,1.2,0.8,0.7,0.8,0.9
23,"Maine","ME",23005,"Cumberland County",23005017102,"Census Tract 171.02; Cumberland County; Maine",11.977358173256,2714,267,2531,175,1401,171,250,127,43,47,324,116,63,55,181,137,924,189,343,121,352,192,75,68,0,44,143,390,32,27,92,81,0,15,7,11,0,11,9.2,4.6,2.9,3.2,23.1,7.8,2.8,2.5,6.7,4.7,34,8.7,12.6,4.4,13,7,5.4,4.8,0,1.7,5.3,14.4,1.3,1.1,3.6,3.1,0,0.6,0.5,0.8,0,0.4,0.1604,0.3759,0.4962,0.1779,0.4662,1.6766,0.2306,0.9273,0.1429,0.2982,0.7143,0,2.0827,0.3459,0.3409,0.3409,0.3409,0.4436,0.3584,0,0.0401,0,0.8421,0.0251,4.9423,0.0877,0,0,0,0,0,0,1,0,0,0,0,1,0,0,0,0,0,0,0,0,1,1080,15,17,0,11,13,17,40,37,0,11,0,11,82,73,8,12,1.1,1.2,0,1,0.5,0.6,1.5,1.4,0,1,0,1,3,2.7,0.3,0.5
23,"Maine","ME",23005,"Cumberland County",23005017303,"Census Tract 173.03; Cumberland County; Maine",7.41995186469,5108,582,2200,239,2006,216,171,96,59,61,231,105,94,58,83,85,1286,271,899,145,662,243,139,108,40,72,430,801,0,21,158,90,0,21,12,19,31,9,3.4,1.9,2.1,2.1,11.5,5.1,2.5,1.6,1.6,1.7,25.2,4.3,17.6,2.4,13,3.9,6.9,5.3,0.8,1.5,8.4,15.7,0,1,7.2,4.1,0,1,0.6,0.9,0.6,0.2,0.0125,0.2381,0.0326,0.1404,0.0501,0.4737,0.0251,0.6992,0.4762,0.2982,0.8396,0.8145,3.1277,0.8797,0.6241,0.6241,0.6241,0,0.5213,0,0.0476,0.4987,1.0676,0.0476,5.2931,0.1328,0,0,0,0,0,0,0,0,0,0,0,0,0,0,0,0,0,0,0,0,0,5787,52,40,0,15,96,90,230,178,0,15,0,15,104,78,0,15,2.6,2,0,0.5,1.9,1.7,4.5,3.4,0,0.5,0,0.5,2,1.5,0,0.5
23,"Maine","ME",23005,"Cumberland County",23005017305,"Census Tract 173.05; Cumberland County; Maine",8.494609638594,5498,683,2335,284,2335,284,719,414,79,93,552,235,111,81,510,430,976,200,1015,262,555,185,87,54,16,62,512,981,479,250,94,54,10,25,0,15,49,34,13.2,7.4,2.5,2.8,23.6,9.6,2.8,2,9.3,7.5,17.8,4.3,18.5,3.9,10.2,3.3,3.7,2.3,0.3,1.2,9.3,17.8,20.5,10.4,4,2.3,0.4,1.1,0,1.2,0.9,0.6,0.2982,0.3008,0.5288,0.1779,0.7318,2.0375,0.3158,0.2832,0.5589,0.1228,0.5088,0.6065,2.0802,0.3434,0.6992,0.6992,0.6992,0.9424,0.3684,0.3584,0,0.5639,2.2331,0.4386,7.05,0.3534,0,0,0,0,0,0,0,0,0,0,0,0,0,0,1,0,0,0,0,1,1,12178,285,210,0,15,335,239,73,89,0,15,0,15,103,165,1,3,12.2,8.5,0,0.5,6.1,4.3,1.3,1.7,0,0.5,0,0.5,1.9,3,0,0.1
23,"Maine","ME",23005,"Cumberland County",23005017306,"Census Tract 173.06; Cumberland County; Maine",20.305203794316,5040,746,1867,357,1829,335,457,325,63,111,241,115,23,36,674,670,601,154,1091,203,436,183,42,51,0,60,600,1038,0,21,0,15,10,21,46,56,3,8,9.1,6.3,2,3.3,13.2,5.8,0.6,1,13.4,12,11.9,3.7,21.6,4.5,8.7,4,2.3,2.8,0,1.2,11.9,20.5,0,1.1,0,1.5,0.5,1.1,2.5,3.3,0.1,0.2,0.1554,0.2256,0.0602,0.01,0.9148,1.366,0.1429,0.0426,0.7744,0.0802,0.2782,0,1.1754,0.0301,0.8195,0.8195,0.8195,0,0,0.3784,0.2481,0.188,0.8145,0.0201,4.1754,0.0326,0,0,0,0,1,1,0,0,0,0,0,0,0,0,0,0,0,0,0,0,1,2402,84,67,51,68,73,60,87,91,99,113,0,15,290,256,0,15,4.6,3.9,1,1.3,1.4,1.2,1.7,1.8,2,2.3,0,0.5,5.8,4.7,0,0.5
23,"Maine","ME",23005,"Cumberland County",23005017307,"Census Tract 173.07; Cumberland County; Maine",3.943731928746,2528,484,1463,264,1072,269,54,52,33,45,56,47,57,64,12,21,576,172,330,107,132,87,26,30,23,51,180,695,72,100,0,11,0,15,23,36,72,6,2.2,2.1,2.2,2.9,5.2,4.2,2.9,3.1,0.5,0.9,22.8,6.6,13.1,4.2,5.4,3.2,2.4,2.7,0.9,2.1,7.1,27.5,4.9,6.8,0,1.9,0,1,2.1,3.3,2.8,0.6,0.0075,0.2506,0,0.1955,0.0075,0.4611,0.0226,0.5789,0.1604,0.0075,0.2907,0.8371,1.8746,0.2531,0.5263,0.5263,0.5263,0.6892,0,0,0.208,0.7619,1.6591,0.203,4.5211,0.0526,0,0,0,0,0,0,0,0,0,0,0,0,0,0,0,0,0,0,0,0,0,1889,33,55,0,11,151,180,10,23,0,11,0,11,19,25,0,11,3.1,4.8,0,1.1,6,7.2,0.4,0.9,0,1.1,0,1.1,0.8,1,0,1.1
23,"Maine","ME",23005,"Cumberland County",23005017308,"Census Tract 173.08; Cumberland County; Maine",7.584955643206,4141,555,2487,322,1926,303,218,112,65,62,452,176,32,31,86,92,1768,326,651,223,478,199,27,30,0,44,374,782,300,109,0,11,0,15,63,51,250,27,5.6,2.8,3.6,3.3,23.5,8.4,1,1,2.2,2.4,42.7,6.5,15.7,4.4,12.3,4.6,1.4,1.5,0,1.1,9,18.8,12,4.1,0,1.1,0,0.6,3.3,2.7,6,1,0.0501,0.4987,0.5188,0.0351,0.0952,1.1979,0.1178,0.9799,0.3208,0.2431,0.1504,0,1.6942,0.1779,0.6617,0.6617,0.6617,0.8496,0,0,0.3434,0.8997,2.0927,0.3634,5.6465,0.1679,0,0,0,0,0,0,1,0,0,0,0,1,0,0,0,0,0,0,0,0,1,4381,267,121,0,11,142,110,125,176,21,40,0,11,86,92,0,11,13.9,6.5,0,0.7,3.4,2.6,3,4.3,0.5,0.9,0,0.7,2.1,2.2,0,0.7
